[{"took":532,"status":200},{"took":171,"status":200},{"took":182,"status":200},{"took":214,"status":200},{"took":297,"status":200},{"took":489,"status":200},{"took":208,"status":200},{"took":306,"status":200},{"took":401,"status":200},{"took":308,"status":200},{"took":472,"status":200},{"took":303,"status":200},{"took":429,"status":200},{"took":473,"status":200},{"took":323,"status":200},{"took":493,"status":200},{"took":588,"status":200},{"took":406,"status":200},{"took":487,"status":200},{"took":708,"status":200},{"took":593,"status":200},{"took":499,"status":200},{"took":520,"status":200},{"took":591,"status":200},{"took":490,"status":200},{"took":503,"status":200},{"took":696,"status":200},{"took":621,"status":200},{"took":692,"status":200},{"took":920,"status":200},{"took":487,"status":200},{"took":513,"status":200},{"took":577,"status":200},{"took":502,"status":200},{"took":682,"status":200},{"took":641,"status":200},{"took":589,"status":200},{"took":492,"status":200},{"took":697,"status":200},{"took":600,"status":200},{"took":588,"status":200},{"took":692,"status":200},{"took":734,"status":200},{"took":702,"status":200},{"took":793,"status":200},{"took":788,"status":200},{"took":704,"status":200},{"took":704,"status":200},{"took":988,"status":200},{"took":808,"status":200},{"took":790,"status":200},{"took":869,"status":200},{"took":897,"status":200},{"took":828,"status":200},{"took":886,"status":200},{"took":889,"status":200},{"took":814,"status":200},{"took":973,"status":200},{"took":839,"status":200},{"took":1165,"status":200},{"took":719,"status":200},{"took":892,"status":200},{"took":900,"status":200},{"took":822,"status":200},{"took":1283,"status":200},{"took":1116,"status":200},{"took":989,"status":200},{"took":1088,"status":200},{"took":1608,"status":200},{"took":1487,"status":200},{"took":1000,"status":200},{"took":994,"status":200},{"took":907,"status":200},{"took":1334,"status":200},{"took":1080,"status":200},{"took":1195,"status":200},{"took":903,"status":200},{"took":1198,"status":200},{"took":1699,"status":200},{"took":1050,"status":200},{"took":816,"status":200},{"took":1516,"status":200},{"took":1394,"status":200},{"took":1286,"status":200},{"took":1430,"status":200},{"took":1261,"status":200},{"took":1216,"status":200},{"took":1290,"status":200},{"took":1120,"status":200},{"took":1711,"status":200},{"took":1699,"status":200},{"took":1287,"status":200},{"took":1585,"status":200},{"took":1407,"status":200},{"took":1183,"status":200},{"took":1321,"status":200},{"took":1495,"status":200},{"took":1503,"status":200},{"took":1607,"status":200},{"took":1292,"status":200}]