[{"took":541},{"took":135},{"took":92},{"took":94},{"took":112},{"took":106},{"took":117},{"took":99},{"took":189},{"took":108},{"took":103},{"took":210},{"took":104},{"took":85},{"took":185},{"took":87},{"took":123},{"took":97},{"took":100},{"took":99},{"took":140},{"took":120},{"took":156},{"took":108},{"took":91},{"took":86},{"took":103},{"took":107},{"took":100},{"took":95},{"took":100},{"took":194},{"took":100},{"took":105},{"took":113},{"took":180},{"took":114},{"took":95},{"took":99},{"took":94},{"took":198},{"took":153},{"took":155},{"took":102},{"took":134},{"took":155},{"took":111},{"took":96},{"took":103},{"took":187},{"took":112},{"took":102},{"took":116},{"took":86},{"took":91},{"took":95},{"took":105},{"took":112},{"took":247},{"took":146},{"took":110},{"took":113},{"took":84},{"took":98},{"took":197},{"took":309},{"took":90},{"took":92},{"took":109},{"took":93},{"took":111},{"took":180},{"took":116},{"took":101},{"took":194},{"took":108},{"took":198},{"took":247},{"took":269},{"took":183},{"took":111},{"took":89},{"took":284},{"took":113},{"took":105},{"took":197},{"took":186},{"took":128},{"took":88},{"took":99},{"took":101},{"took":97},{"took":194},{"took":104},{"took":99},{"took":105},{"took":99},{"took":197},{"took":108},{"took":96}]