[{"took":285,"status":200},{"took":170,"status":200},{"took":178,"status":200},{"took":193,"status":200},{"took":252,"status":200},{"took":197,"status":200},{"took":214,"status":200},{"took":269,"status":200},{"took":235,"status":200},{"took":296,"status":200},{"took":206,"status":200},{"took":266,"status":200},{"took":324,"status":200},{"took":189,"status":200},{"took":311,"status":200},{"took":309,"status":200},{"took":288,"status":200},{"took":293,"status":200},{"took":388,"status":200},{"took":303,"status":200},{"took":405,"status":200},{"took":322,"status":200},{"took":405,"status":200},{"took":485,"status":200},{"took":493,"status":200},{"took":409,"status":200},{"took":410,"status":200},{"took":562,"status":200},{"took":533,"status":200},{"took":393,"status":200},{"took":497,"status":200},{"took":592,"status":200},{"took":623,"status":200},{"took":349,"status":200},{"took":894,"status":200},{"took":490,"status":200},{"took":854,"status":200},{"took":574,"status":200},{"took":606,"status":200},{"took":697,"status":200},{"took":493,"status":200},{"took":992,"status":200},{"took":885,"status":200},{"took":707,"status":200},{"took":806,"status":200},{"took":711,"status":200},{"took":788,"status":200},{"took":601,"status":200},{"took":809,"status":200},{"took":794,"status":200},{"took":914,"status":200},{"took":800,"status":200},{"took":1093,"status":200},{"took":692,"status":200},{"took":721,"status":200},{"took":780,"status":200},{"took":909,"status":200},{"took":1296,"status":200},{"took":693,"status":200},{"took":788,"status":200},{"took":1226,"status":200},{"took":887,"status":200},{"took":807,"status":200},{"took":1100,"status":200},{"took":680,"status":200},{"took":1218,"status":200},{"took":614,"status":200},{"took":1285,"status":200},{"took":898,"status":200},{"took":959,"status":200},{"took":1501,"status":200},{"took":1097,"status":200},{"took":909,"status":200},{"took":1012,"status":200},{"took":1478,"status":200},{"took":918,"status":200},{"took":1292,"status":200},{"took":1022,"status":200},{"took":1194,"status":200},{"took":866,"status":200},{"took":1228,"status":200},{"took":982,"status":200},{"took":1385,"status":200},{"took":1707,"status":200},{"took":1422,"status":200},{"took":1676,"status":200},{"took":1022,"status":200},{"took":1977,"status":200},{"took":1123,"status":200},{"took":1395,"status":200},{"took":1303,"status":200},{"took":878,"status":200},{"took":2039,"status":200},{"took":1570,"status":200},{"took":1095,"status":200},{"took":1485,"status":200},{"took":1102,"status":200},{"took":1779,"status":200},{"took":1533,"status":200},{"took":1782,"status":200}]