[{"took":268,"status":200},{"took":91,"status":200},{"took":93,"status":200},{"took":82,"status":200},{"took":91,"status":200},{"took":84,"status":200},{"took":89,"status":200},{"took":101,"status":200},{"took":96,"status":200},{"took":99,"status":200},{"took":103,"status":200},{"took":124,"status":200},{"took":92,"status":200},{"took":93,"status":200},{"took":88,"status":200},{"took":97,"status":200},{"took":117,"status":200},{"took":94,"status":200},{"took":93,"status":200},{"took":95,"status":200},{"took":103,"status":200},{"took":99,"status":200},{"took":113,"status":200},{"took":90,"status":200},{"took":110,"status":200},{"took":87,"status":200},{"took":103,"status":200},{"took":99,"status":200},{"took":100,"status":200},{"took":99,"status":200},{"took":113,"status":200},{"took":88,"status":200},{"took":117,"status":200},{"took":97,"status":200},{"took":95,"status":200},{"took":86,"status":200},{"took":89,"status":200},{"took":103,"status":200},{"took":75,"status":200},{"took":83,"status":200},{"took":91,"status":200},{"took":81,"status":200},{"took":86,"status":200},{"took":104,"status":200},{"took":92,"status":200},{"took":93,"status":200},{"took":81,"status":200},{"took":84,"status":200},{"took":91,"status":200},{"took":82,"status":200},{"took":94,"status":200},{"took":82,"status":200},{"took":96,"status":200},{"took":103,"status":200},{"took":106,"status":200},{"took":95,"status":200},{"took":117,"status":200},{"took":110,"status":200},{"took":88,"status":200},{"took":85,"status":200},{"took":97,"status":200},{"took":104,"status":200},{"took":101,"status":200},{"took":94,"status":200},{"took":108,"status":200},{"took":111,"status":200},{"took":85,"status":200},{"took":214,"status":200},{"took":79,"status":200},{"took":93,"status":200},{"took":82,"status":200},{"took":84,"status":200},{"took":90,"status":200},{"took":91,"status":200},{"took":98,"status":200},{"took":86,"status":200},{"took":81,"status":200},{"took":95,"status":200},{"took":91,"status":200},{"took":86,"status":200},{"took":122,"status":200},{"took":79,"status":200},{"took":76,"status":200},{"took":95,"status":200},{"took":92,"status":200},{"took":83,"status":200},{"took":81,"status":200},{"took":98,"status":200},{"took":101,"status":200},{"took":105,"status":200},{"took":114,"status":200},{"took":84,"status":200},{"took":93,"status":200},{"took":82,"status":200},{"took":84,"status":200},{"took":113,"status":200},{"took":121,"status":200},{"took":84,"status":200},{"took":82,"status":200},{"took":90,"status":200}]